{
    "rmse": 0.7038011413904087,
    "mae": 0.5664085870185741,
    "r2": 0.23793721613101337
}