{
    "rmse": 0.7329855698903023,
    "mae": 0.5812183392209657,
    "r2": 0.2563187851408346
}