{
    "rmse": 0.7113748036844846,
    "mae": 0.5530339988818511,
    "r2": 0.23295353488814574
}